Country Name,Capital City,Size (km²),Population
Andorra,Andorra la Vella,468.0 km²,84000
United Arab Emirates,Abu Dhabi,82880.0 km²,4975593
Afghanistan,Kabul,647500.0 km²,29121286
Antigua and Barbuda,St. John's,443.0 km²,86754
Anguilla,The Valley,102.0 km²,13254
Albania,Tirana,28748.0 km²,2986952
Armenia,Yerevan,29800.0 km²,2968000
Angola,Luanda,1246700.0 km²,13068161
Antarctica,None,1.4E7 km²,0
Argentina,Buenos Aires,2766890.0 km²,41343201
American Samoa,Pago Pago,199.0 km²,57881
Austria,Vienna,83858.0 km²,8205000
Australia,Canberra,7686850.0 km²,21515754
Aruba,Oranjestad,193.0 km²,71566
Åland,Mariehamn,1580.0 km²,26711
Azerbaijan,Baku,86600.0 km²,8303512
Bosnia and Herzegovina,Sarajevo,51129.0 km²,4590000
Barbados,Bridgetown,431.0 km²,285653
Bangladesh,Dhaka,144000.0 km²,156118464
Belgium,Brussels,30510.0 km²,10403000
Burkina Faso,Ouagadougou,274200.0 km²,16241811
Bulgaria,Sofia,110910.0 km²,7148785
Bahrain,Manama,665.0 km²,738004
Burundi,Bujumbura,27830.0 km²,9863117
Benin,Porto-Novo,112620.0 km²,9056010
Saint Barthélemy,Gustavia,21.0 km²,8450
Bermuda,Hamilton,53.0 km²,65365
Brunei,Bandar Seri Begawan,5770.0 km²,395027
Bolivia,Sucre,1098580.0 km²,9947418
Bonaire,Kralendijk,328.0 km²,18012
Brazil,Brasília,8511965.0 km²,201103330
Bahamas,Nassau,13940.0 km²,301790
Bhutan,Thimphu,47000.0 km²,699847
Bouvet Island,None,49.0 km²,0
Botswana,Gaborone,600370.0 km²,2029307
Belarus,Minsk,207600.0 km²,9685000
Belize,Belmopan,22966.0 km²,314522
Canada,Ottawa,9984670.0 km²,33679000
Cocos [Keeling] Islands,West Island,14.0 km²,628
Democratic Republic of the Congo,Kinshasa,2345410.0 km²,70916439
Central African Republic,Bangui,622984.0 km²,4844927
Republic of the Congo,Brazzaville,342000.0 km²,3039126
Switzerland,Bern,41290.0 km²,7581000
Ivory Coast,Yamoussoukro,322460.0 km²,21058798
Cook Islands,Avarua,240.0 km²,21388
Chile,Santiago,756950.0 km²,16746491
Cameroon,Yaoundé,475440.0 km²,19294149
China,Beijing,9596960.0 km²,1330044000
Colombia,Bogotá,1138910.0 km²,47790000
Costa Rica,San José,51100.0 km²,4516220
Cuba,Havana,110860.0 km²,11423000
Cape Verde,Praia,4033.0 km²,508659
Curacao,Willemstad,444.0 km²,141766
Christmas Island,Flying Fish Cove,135.0 km²,1500
Cyprus,Nicosia,9250.0 km²,1102677
Czech Republic,Prague,78866.0 km²,10476000
Germany,Berlin,357021.0 km²,81802257
Djibouti,Djibouti,23000.0 km²,740528
Denmark,Copenhagen,43094.0 km²,5484000
Dominica,Roseau,754.0 km²,72813
Dominican Republic,Santo Domingo,48730.0 km²,9823821
Algeria,Algiers,2381740.0 km²,34586184
Ecuador,Quito,283560.0 km²,14790608
Estonia,Tallinn,45226.0 km²,1291170
Egypt,Cairo,1001450.0 km²,80471869
Western Sahara,Laâyoune / El Aaiún,266000.0 km²,273008
Eritrea,Asmara,121320.0 km²,5792984
Spain,Madrid,504782.0 km²,46505963
Ethiopia,Addis Ababa,1127127.0 km²,88013491
Finland,Helsinki,337030.0 km²,5244000
Fiji,Suva,18270.0 km²,875983
Falkland Islands,Stanley,12173.0 km²,2638
Micronesia,Palikir,702.0 km²,107708
Faroe Islands,Tórshavn,1399.0 km²,48228
France,Paris,547030.0 km²,64768389
Gabon,Libreville,267667.0 km²,1545255
United Kingdom,London,244820.0 km²,62348447
Grenada,St. George's,344.0 km²,107818
Georgia,Tbilisi,69700.0 km²,4630000
French Guiana,Cayenne,91000.0 km²,195506
Guernsey,St Peter Port,78.0 km²,65228
Ghana,Accra,239460.0 km²,24339838
Gibraltar,Gibraltar,6.5 km²,27884
Greenland,Nuuk,2166086.0 km²,56375
Gambia,Bathurst,11300.0 km²,1593256
Guinea,Conakry,245857.0 km²,10324025
Guadeloupe,Basse-Terre,1780.0 km²,443000
Equatorial Guinea,Malabo,28051.0 km²,1014999
Greece,Athens,131940.0 km²,11000000
South Georgia and the South Sandwich Islands,Grytviken,3903.0 km²,30
Guatemala,Guatemala City,108890.0 km²,13550440
Guam,Hagåtña,549.0 km²,159358
Guinea-Bissau,Bissau,36120.0 km²,1565126
Guyana,Georgetown,214970.0 km²,748486
Hong Kong,Hong Kong,1092.0 km²,6898686
Heard Island and McDonald Islands,None,412.0 km²,0
Honduras,Tegucigalpa,112090.0 km²,7989415
Croatia,Zagreb,56542.0 km²,4491000
Haiti,Port-au-Prince,27750.0 km²,9648924
Hungary,Budapest,93030.0 km²,9982000
Indonesia,Jakarta,1919440.0 km²,242968342
Ireland,Dublin,70280.0 km²,4622917
Israel,None,20770.0 km²,7353985
Isle of Man,Douglas,572.0 km²,75049
India,New Delhi,3287590.0 km²,1173108018
British Indian Ocean Territory,None,60.0 km²,4000
Iraq,Baghdad,437072.0 km²,29671605
Iran,Tehran,1648000.0 km²,76923300
Iceland,Reykjavik,103000.0 km²,308910
Italy,Rome,301230.0 km²,60340328
Jersey,Saint Helier,116.0 km²,90812
Jamaica,Kingston,10991.0 km²,2847232
Jordan,Amman,92300.0 km²,6407085
Japan,Tokyo,377835.0 km²,127288000
Kenya,Nairobi,582650.0 km²,40046566
Kyrgyzstan,Bishkek,198500.0 km²,5776500
Cambodia,Phnom Penh,181040.0 km²,14453680
Kiribati,Tarawa,811.0 km²,92533
Comoros,Moroni,2170.0 km²,773407
Saint Kitts and Nevis,Basseterre,261.0 km²,51134
North Korea,Pyongyang,120540.0 km²,22912177
South Korea,Seoul,98480.0 km²,48422644
Kuwait,Kuwait City,17820.0 km²,2789132
Cayman Islands,George Town,262.0 km²,44270
Kazakhstan,Astana,2717300.0 km²,15340000
Laos,Vientiane,236800.0 km²,6368162
Lebanon,Beirut,10400.0 km²,4125247
Saint Lucia,Castries,616.0 km²,160922
Liechtenstein,Vaduz,160.0 km²,35000
Sri Lanka,Colombo,65610.0 km²,21513990
Liberia,Monrovia,111370.0 km²,3685076
Lesotho,Maseru,30355.0 km²,1919552
Lithuania,Vilnius,65200.0 km²,2944459
Luxembourg,Luxembourg,2586.0 km²,497538
Latvia,Riga,64589.0 km²,2217969
Libya,Tripoli,1759540.0 km²,6461454
Morocco,Rabat,446550.0 km²,31627428
Monaco,Monaco,1.95 km²,32965
Moldova,Chişinău,33843.0 km²,4324000
Montenegro,Podgorica,14026.0 km²,666730
Saint Martin,Marigot,53.0 km²,35925
Madagascar,Antananarivo,587040.0 km²,21281844
Marshall Islands,Majuro,181.3 km²,65859
Macedonia,Skopje,25333.0 km²,2062294
Mali,Bamako,1240000.0 km²,13796354
Myanmar [Burma],Naypyitaw,678500.0 km²,53414374
Mongolia,Ulan Bator,1565000.0 km²,3086918
Macao,Macao,254.0 km²,449198
Northern Mariana Islands,Saipan,477.0 km²,53883
Martinique,Fort-de-France,1100.0 km²,432900
Mauritania,Nouakchott,1030700.0 km²,3205060
Montserrat,Plymouth,102.0 km²,9341
Malta,Valletta,316.0 km²,403000
Mauritius,Port Louis,2040.0 km²,1294104
Maldives,Malé,300.0 km²,395650
Malawi,Lilongwe,118480.0 km²,15447500
Mexico,Mexico City,1972550.0 km²,112468855
Malaysia,Kuala Lumpur,329750.0 km²,28274729
Mozambique,Maputo,801590.0 km²,22061451
Namibia,Windhoek,825418.0 km²,2128471
New Caledonia,Noumea,19060.0 km²,216494
Niger,Niamey,1267000.0 km²,15878271
Norfolk Island,Kingston,34.6 km²,1828
Nigeria,Abuja,923768.0 km²,154000000
Nicaragua,Managua,129494.0 km²,5995928
Netherlands,Amsterdam,41526.0 km²,16645000
Norway,Oslo,324220.0 km²,5009150
Nepal,Kathmandu,140800.0 km²,28951852
Nauru,Yaren,21.0 km²,10065
Niue,Alofi,260.0 km²,2166
New Zealand,Wellington,268680.0 km²,4252277
Oman,Muscat,212460.0 km²,2967717
Panama,Panama City,78200.0 km²,3410676
Peru,Lima,1285220.0 km²,29907003
French Polynesia,Papeete,4167.0 km²,270485
Papua New Guinea,Port Moresby,462840.0 km²,6064515
Philippines,Manila,300000.0 km²,99900177
Pakistan,Islamabad,803940.0 km²,184404791
Poland,Warsaw,312685.0 km²,38500000
Saint Pierre and Miquelon,Saint-Pierre,242.0 km²,7012
Pitcairn Islands,Adamstown,47.0 km²,46
Puerto Rico,San Juan,9104.0 km²,3916632
Palestine,None,5970.0 km²,3800000
Portugal,Lisbon,92391.0 km²,10676000
Palau,Melekeok,458.0 km²,19907
Paraguay,Asunción,406750.0 km²,6375830
Qatar,Doha,11437.0 km²,840926
Réunion,Saint-Denis,2517.0 km²,776948
Romania,Bucharest,237500.0 km²,21959278
Serbia,Belgrade,88361.0 km²,7344847
Russia,Moscow,1.71E7 km²,140702000
Rwanda,Kigali,26338.0 km²,11055976
Saudi Arabia,Riyadh,1960582.0 km²,25731776
Solomon Islands,Honiara,28450.0 km²,559198
Seychelles,Victoria,455.0 km²,88340
Sudan,Khartoum,1861484.0 km²,35000000
Sweden,Stockholm,449964.0 km²,9828655
Singapore,Singapore,692.7 km²,4701069
Saint Helena,Jamestown,410.0 km²,7460
Slovenia,Ljubljana,20273.0 km²,2007000
Svalbard and Jan Mayen,Longyearbyen,62049.0 km²,2550
Slovakia,Bratislava,48845.0 km²,5455000
Sierra Leone,Freetown,71740.0 km²,5245695
San Marino,San Marino,61.2 km²,31477
Senegal,Dakar,196190.0 km²,12323252
Somalia,Mogadishu,637657.0 km²,10112453
Suriname,Paramaribo,163270.0 km²,492829
South Sudan,Juba,644329.0 km²,8260490
São Tomé and Príncipe,São Tomé,1001.0 km²,175808
El Salvador,San Salvador,21040.0 km²,6052064
Sint Maarten,Philipsburg,21.0 km²,37429
Syria,Damascus,185180.0 km²,22198110
Swaziland,Mbabane,17363.0 km²,1354051
Turks and Caicos Islands,Cockburn Town,430.0 km²,20556
Chad,N'Djamena,1284000.0 km²,10543464
French Southern Territories,Port-aux-Français,7829.0 km²,140
Togo,Lomé,56785.0 km²,6587239
Thailand,Bangkok,514000.0 km²,67089500
Tajikistan,Dushanbe,143100.0 km²,7487489
Tokelau,None,10.0 km²,1466
East Timor,Dili,15007.0 km²,1154625
Turkmenistan,Ashgabat,488100.0 km²,4940916
Tunisia,Tunis,163610.0 km²,10589025
Tonga,Nuku'alofa,748.0 km²,122580
Turkey,Ankara,780580.0 km²,77804122
Trinidad and Tobago,Port of Spain,5128.0 km²,1228691
Tuvalu,Funafuti,26.0 km²,10472
Taiwan,Taipei,35980.0 km²,22894384
Tanzania,Dodoma,945087.0 km²,41892895
Ukraine,Kiev,603700.0 km²,45415596
Uganda,Kampala,236040.0 km²,33398682
U.S. Minor Outlying Islands,None,0.0 km²,0
United States,Washington,9629091.0 km²,310232863
Uruguay,Montevideo,176220.0 km²,3477000
Uzbekistan,Tashkent,447400.0 km²,27865738
Vatican City,Vatican City,0.44 km²,921
Saint Vincent and the Grenadines,Kingstown,389.0 km²,104217
Venezuela,Caracas,912050.0 km²,27223228
British Virgin Islands,Road Town,153.0 km²,21730
U.S. Virgin Islands,Charlotte Amalie,352.0 km²,108708
Vietnam,Hanoi,329560.0 km²,89571130
Vanuatu,Port Vila,12200.0 km²,221552
Wallis and Futuna,Mata-Utu,274.0 km²,16025
Samoa,Apia,2944.0 km²,192001
Kosovo,Pristina,10908.0 km²,1800000
Yemen,Sanaa,527970.0 km²,23495361
Mayotte,Mamoudzou,374.0 km²,159042
South Africa,Pretoria,1219912.0 km²,49000000
Zambia,Lusaka,752614.0 km²,13460305
Zimbabwe,Harare,390580.0 km²,11651858
